country,period,alpha,beta_world,se_world,beta_world_lag,se_world_lag,r2,n_days
Belgium,2010-17,-0.0006709981277298459,0.7336506027051758,0.016772019205416506,0.21488932066666752,0.01686926431246698,0.49897037926907295,2035
Belgium,2018-26,-0.015944554236214773,0.56161835353866,0.016821838645709717,0.24624521777377567,0.016794274429617024,0.35755577241541947,2213
Brazil,2010-17,-0.02101269622234169,0.8430001442972048,0.02504314599033772,0.06296046997689508,0.02494433145235787,0.367448868837417,1955
Brazil,2018-26,0.01339211026916746,0.781402139582414,0.02186751155031502,-0.038359915149056116,0.021848176373469474,0.3802308282885277,2140
France,2010-17,-0.014124362007719339,0.8988543640287793,0.019192689095468445,0.2251977582793221,0.0193195618306079,0.5298844339243274,2024
France,2018-26,-0.010854123176034696,0.6400479996948616,0.0166611123002996,0.21890195536414844,0.016627043290478323,0.41288300359120433,2206
Germany,2010-17,0.006932129183378279,0.8366102676771281,0.01920085461111558,0.23127788425674511,0.01927853096992431,0.4986659616272867,2004
Germany,2018-26,-0.0010937207798815973,0.6656881160306917,0.01721444843839238,0.2274685321020316,0.017203778323520724,0.4165646012518859,2201
Italy,2010-17,-0.03472397467786113,1.0195563599983628,0.02658316099164616,0.17807654007588938,0.026483622065413957,0.42655845645982093,2016
Italy,2018-26,0.0064412556473314375,0.6965955431939846,0.019276289785663103,0.21211985104753742,0.01928484205703311,0.3797985916516917,2208
Japan,2010-17,0.01813966414817541,0.3173348761336223,0.02596928103833276,0.5384899112094065,0.02602325423500995,0.22420717356420639,1944
Japan,2018-26,0.01437139368655593,0.35290129821300426,0.02232064259139898,0.5576883266204107,0.022322820418533264,0.2728594865558992,2104
Mexico,2010-17,0.0024488949550493418,0.5883201372883419,0.014391718766118585,0.057204976874928176,0.014377061761182077,0.46107503380589954,1960
Mexico,2018-26,-0.009449240956921534,0.534608988419164,0.016786709588799777,0.06831245425154586,0.01681465345817837,0.32075528508829765,2159
Netherlands,2010-17,0.0001403029826196555,0.7509770597310258,0.016529261039858266,0.22883805417515662,0.0164475604256241,0.5210190736536116,2029
Netherlands,2018-26,0.005055627944320443,0.5939665173597786,0.01509370684676457,0.21355422145231567,0.015054813390437278,0.4251849431931678,2219
Portugal,2010-17,-0.045747466642963586,0.8403038295447802,0.03755234493403326,0.28720344458839936,0.03828482240205757,0.31947079369245124,1181
Portugal,2018-26,0.00429133208807529,0.45610286287285334,0.01638984185742907,0.1590884396615846,0.01640417801289712,0.27047717381699554,2203
South Korea,2010-17,-0.0007763127871307197,0.2808890366231103,0.017715691976669872,0.4045286582621482,0.017739497290873617,0.27372360759223335,1954
South Korea,2018-26,0.013266894124983237,0.37331582627463195,0.027665160764405148,0.48453313932771463,0.02768142261918713,0.1698831750110903,2121
Spain,2010-17,-0.04263584230408918,0.9348489174164288,0.024360661500494464,0.2281882878216676,0.02442980226060445,0.4307377991642878,2025
Spain,2018-26,0.001820690656906952,0.6068189503067101,0.017778066478087037,0.19706674527019713,0.017780597390462748,0.3554365948191702,2207
UK,2010-17,-0.007552943254706939,0.6472124139778757,0.01461520705394109,0.21135219489220583,0.014614671016820431,0.5140087202144149,2004
UK,2018-26,-0.007599351833683498,0.49754989572498204,0.014892539870999682,0.16931207901251294,0.014850512781924488,0.3508292150073503,2174
