period,day_type,N,mean_ar,t_vs_0,share_ar_negative,mean_abs_ar
All 2010-26,draw,89,0.06374240786806742,0.6111575230602111,0.4943820224719101,0.6632582750707114
All 2010-26,loss,140,0.08876619637842229,1.0844405136790591,0.4714285714285714,0.6990665046799456
All 2010-26,no match,49286,-5.244083921047284e-17,-1.197281762613609e-14,0.49975652315059044,0.6855573699273586
All 2010-26,win,314,0.04122179641230197,0.8183388109331877,0.47770700636942676,0.7005335410461528
2010-17,draw,39,0.11005631032870927,0.8590654187616714,0.48717948717948717,0.5927117405617797
2010-17,loss,64,0.17184500838812528,1.459222078984437,0.421875,0.7577621051537679
2010-17,no match,23131,-6.05916538967964e-17,-9.73941540570814e-15,0.5016644330119753,0.6798164383916969
2010-17,win,129,0.05743772725477571,0.6965015867079636,0.4728682170542636,0.7207918912003723
2018-26,draw,50,0.02761756394876675,0.17542307544491956,0.5,0.718284571987678
2018-26,loss,76,0.01880509152814605,0.16543132091747342,0.5131578947368421,0.6496386305967269
2018-26,no match,26155,-4.9103651113988955e-17,-7.981325871102295e-15,0.49806920282928696,0.690634543980174
2018-26,win,185,0.02991447166268513,0.47148531477878597,0.4810810810810811,0.6864074482359132
