dep,model,term,coef,se,t,p,t_HC1,N
ar,All 2010-26,Intercept,-5.342053695440396e-17,0.004377870321254704,-1.220240277448272e-14,0.9999999999999902,-1.2196127530139716e-14,49829
ar,All 2010-26,loss,0.08876619637842235,0.08225770861916651,1.079123134700829,0.28053806318551583,1.0867248763976964,49829
ar,All 2010-26,win,0.041221796412302086,0.055022321123949655,0.7491831600386522,0.4537503544724164,0.8165214549177462,49829
ar,All 2010-26,draw,0.06374240786806752,0.10311490452553268,0.6181687134499942,0.5364669568828874,0.6140481695560078,49829
ar,All 2010-26,test: loss - win,0.04754439996612027,0.09876970665160084,0.48136621620055886,0.6302583571806102,0.49616139494047123,49829
ar,All 2010-26,test: loss + win,0.12998799279072443,0.0991570367963978,1.3109305904091586,0.18988725658831096,1.3508886609221513,49829
ar,2010-17,Intercept,-5.400682071693419e-17,0.006219425343597968,-8.683570866000776e-15,0.9999999999999931,-8.68042324699308e-15,23363
ar,2010-17,loss,0.17184500838812555,0.1184015698117298,1.4513744088138028,0.14668906107689997,1.46855151958456,23363
ar,2010-17,win,0.05743772725477571,0.08351418727000877,0.6877601175603187,0.4916106840457315,0.6971607228062783,23363
ar,2010-17,draw,0.1100563103287091,0.15159363694094388,0.7259955796929892,0.4678487542032801,0.8691698726349021,23363
ar,2010-17,test: loss - win,0.11440728113334984,0.14462430192067596,0.7910653992031045,0.4289138607714764,0.8009468639631464,23363
ar,2010-17,test: loss + win,0.22928273564290125,0.14515823680542972,1.5795365160726782,0.11422658776609974,1.5991150866197854,23363
ar,2018-26,Intercept,-5.084908188957016e-17,0.0061483813738819745,-8.270320072462418e-15,0.9999999999999934,-8.264562236902258e-15,26466
ar,2018-26,loss,0.018805091528145895,0.11422506814163103,0.1646319134152663,0.8692349681462503,0.16627137634889835,26466
ar,2018-26,win,0.02991447166268518,0.07336396911079258,0.4077542699129191,0.6834573887643975,0.4705103292632553,26466
ar,2018-26,draw,0.027617563948766785,0.1407563116281106,0.1962083520754266,0.8444485977789323,0.17705278178491402,26466
ar,2018-26,test: loss - win,-0.011109380134539285,0.135477056982399,-0.08200192993550635,0.9346457989571029,-0.0858183581507411,26466
ar,2018-26,test: loss + win,0.048719563190831074,0.13603397863286573,0.35814260290304006,0.7202394549366047,0.3746627094126974,26466
ar,Interaction,Intercept,2.7176044916721562e-17,0.006390578905364256,4.252516918914806e-15,0.9999999999999966,4.367982167719189e-15,49829
ar,Interaction,loss,0.1718450083881253,0.12165988537505759,1.4125034546790436,0.1578080206182526,1.4685593496137654,49829
ar,Interaction,win,0.05743772725477581,0.08581243024578346,0.6693404101277987,0.503281456368147,0.6971644399307743,49829
ar,Interaction,draw,0.11005631032870933,0.1557653713810489,0.7065518436667064,0.4798483284258924,0.8691745068785107,49829
ar,Interaction,late,-1.3937619109558344e-16,0.00877252522490744,-1.58878073898105e-14,0.9999999999999873,-1.5928495557468562e-14,49829
ar,Interaction,late_loss,-0.15303991685997828,0.16512710800328328,-0.9268006853056212,0.3540345186269963,-0.9403969132513416,49829
ar,Interaction,late_win,-0.0275232555920907,0.11183091143444161,-0.24611491795115698,0.8055942892326171,-0.26447532246402244,49829
ar,Interaction,late_draw,-0.08243874637994235,0.20782718188745564,-0.3966697023519536,0.6916127440996536,-0.41032807487397915,49829
ar,Interaction,test: loss - win,0.1144072811333495,0.14860424589044632,0.7698789522991999,0.4413753504847897,0.8009511344550239,49829
ar,Interaction,test: loss - win (2018-26 change),-0.12551666126788757,0.19904572377256097,-0.6305921015982681,0.5283101570195312,-0.6511140648614813,49829
ar,Interaction,test: loss + win,0.2292827356429011,0.14915287423194692,1.537233102771755,0.12424258723014546,1.5991236127883732,49829
ar,Interaction,test: loss + win (2018-26 change),-0.180563172452069,0.199817489092995,-0.9036404834815782,0.3661904365534335,-0.9328302468688671,49829
|ar|,All 2010-26,Intercept,0.685557369927358,0.00310277530383837,220.9497313837941,0.0,220.7029159872159,49829
|ar|,All 2010-26,loss,0.013509134752594496,0.058299394026073835,0.23171998574380837,0.816756459037837,0.2377794918767899,49829
|ar|,All 2010-26,win,0.014976171118797711,0.03899656376626663,0.3840382247153944,0.7009517553309582,0.4780159324902528,49829
|ar|,All 2010-26,draw,-0.022299094856646648,0.07308173969113325,-0.3051253972728309,0.7602719232643024,-0.29108115376174887,49829
|ar|,All 2010-26,test: loss - win,-0.001467036366203215,0.07000212068367423,-0.02095702747110281,0.9832800191681255,-0.02266369733348659,49829
|ar|,2010-17,Intercept,0.6798164383916974,0.004322536111472004,157.27258740244312,0.0,157.0966587719716,23363
|ar|,2010-17,loss,0.07794566676206681,0.08228976680184724,0.9472097174580532,0.343541723078308,1.0849935757760096,23363
|ar|,2010-17,win,0.040975452808672416,0.05804283681392534,0.7059519323638881,0.48022507061304553,0.779213525149706,23363
|ar|,2010-17,draw,-0.08710469782992213,0.10535844290198199,-0.8267462524190695,0.40838934444337627,-1.018476709100919,23363
|ar|,2010-17,test: loss - win,0.03697021395339439,0.10051471528507856,0.3678089705426707,0.7130190122097081,0.4162439323009126,23363
|ar|,2018-26,Intercept,0.690634543980174,0.004423621729847643,156.1242317172451,0.0,155.93475780981183,26466
|ar|,2018-26,loss,-0.04099591338344368,0.08218236033162936,-0.49884078795027825,0.6178956971706558,-0.4823422330181704,26466
|ar|,2018-26,win,-0.004227095744259246,0.05278372114732179,-0.08008332213754366,0.93617159273991,-0.10981544650469188,26466
|ar|,2018-26,draw,0.02765002800750219,0.10127099164282732,0.2730300904430864,0.7848322157828005,0.23361782807001436,26466
|ar|,2018-26,test: loss - win,-0.03676881763918444,0.0974726869918873,-0.3772217507684458,0.7060118425107684,-0.3949679395156881,26466
|ar|,Interaction,Intercept,0.6798164383916975,0.0045290948524783926,150.09984567218572,0.0,157.09749638060245,49829
|ar|,Interaction,loss,0.07794566676207083,0.08622210425142661,0.9040102586081477,0.36599433283737887,1.0849993607494048,49829
|ar|,Interaction,win,0.040975452808673825,0.06081649907782278,0.6737555339422004,0.5004698746432706,0.7792176797637065,49829
|ar|,Interaction,draw,-0.08710469782992,0.11039315094351101,-0.7890407791194592,0.4300919275346919,-1.0184821394193242,49829
|ar|,Interaction,late,0.010818105588476212,0.006217214344386611,1.7400245494581745,0.08186088218906559,1.747079916775391,49829
|ar|,Interaction,late_loss,-0.11894158014550907,0.1170279478490667,-1.0163519256008011,0.3094667654068563,-1.068780322178425,49829
|ar|,Interaction,late_win,-0.045202548552930814,0.0792561695624392,-0.5703347613502766,0.5684532403273432,-0.693626392150516,49829
|ar|,Interaction,late_draw,0.11475472583742628,0.14729010213792434,0.779106838624964,0.4359204826292486,0.7858697996730477,49829
|ar|,Interaction,test: loss - win,0.03697021395339701,0.1053179586835085,0.35103428147991717,0.7255641142911293,0.4162461516321024,49829
|ar|,Interaction,test: loss - win (2018-26 change),-0.07373903159257825,0.14106655692638811,-0.5227251107507858,0.6011678856044844,-0.5731017502616016,49829
