period,window,term,coef,se,t,p,N
All 2010-26,next day,surprise,-0.09435906135731462,0.0985006718565641,-0.9579534796952405,0.33851411174802465,543
All 2010-26,same + next day,surprise,-0.18026386352957083,0.11509637654006488,-1.5661992927016364,0.11788667576735773,543
All 2010-26,next + day after,surprise,-0.06913371121813677,0.1367285133620307,-0.5056276084497756,0.6133240383090994,543
2010-17,next day,surprise,-0.17620738866166236,0.1446928563038404,-1.217802959751134,0.22454672101731973,232
2010-17,same + next day,surprise,-0.18157905792646334,0.16896098526194206,-1.0746803923104458,0.283643957531669,232
2010-17,next + day after,surprise,-0.1747858050933993,0.2194571172838929,-0.7964462818824594,0.42659399951033633,232
2018-26,next day,surprise,-0.02409552725837998,0.1344405362350976,-0.17922814006218982,0.8578760324857706,311
2018-26,same + next day,surprise,-0.1739485113130081,0.157120049789383,-1.107105754779122,0.2691092976573936,311
2018-26,next + day after,surprise,0.018895664454891443,0.17359747551444962,0.10884757626166422,0.9133940363957289,311
