period,term,coef,se,t,p,N
All 2010-26,upset_loss,0.15349412469296644,0.10489482814659792,1.4633145161213055,0.14338764574530014,49829
All 2010-26,expected_loss,-0.014319022789184994,0.13233223085840445,-0.10820510389873465,0.9138334321177158,49829
All 2010-26,win,0.0412217964123021,0.05502232723488843,0.7491830768322042,0.453750404686796,49829
All 2010-26,draw,0.06374240786806767,0.1031149159777735,0.6181686447943904,0.5364670021911532,49829
All 2010-26,test: upset - expected loss,0.16781314748215143,0.16874955641497996,0.9944508954410181,0.32000822988592925,49829
2010-17,upset_loss,0.2586207233664507,0.14608865202285606,1.7702998815129638,0.07669023930739581,23363
2010-17,expected_loss,0.006182279793140272,0.20176335535362894,0.030641241975306377,0.9755559130283245,23363
2010-17,win,0.057437727254775764,0.0835141367279387,0.6877605337870976,0.491610422189012,23363
2010-17,draw,0.11005631032870919,0.15159354519777454,0.725996019059556,0.4678484851708502,23363
2010-17,test: upset - expected loss,0.2524384435733104,0.2489437354179433,1.0140381446012288,0.31057505480536135,23363
2018-26,upset_loss,0.053146007777367756,0.1500320352732496,0.3542310659225162,0.7231685463889079,26466
2018-26,expected_loss,-0.028413668314533694,0.17588786063795198,-0.16154422602831278,0.871666014758968,26466
2018-26,win,0.029914471662685193,0.07336518258005942,0.40774752560645733,0.683462340755597,26466
2018-26,draw,0.02761756394876685,0.1407586397935623,0.19620510676482086,0.8444511378280698,26466
2018-26,test: upset - expected loss,0.08155967609190146,0.2310206558727841,0.3530406222065868,0.7240607988891593,26466
