period,window,mean_after_win,loss_minus_win,se,t,p,N
All 2010-26,pre,-0.10685524304233511,-0.1239591631730844,0.11449028001977112,-1.0827046903167512,0.27942274122531646,543
All 2010-26,same,-0.024419494455165766,-0.007744064254186179,0.12001653199337524,-0.06452497939711874,0.9485898063557051,346
All 2010-26,next,0.041221796412301934,0.047544399966120345,0.09429977742375838,0.5041835862715596,0.6143380184840019,543
All 2010-26,after,0.020654168612902552,-0.028554865217345588,0.10279760689944017,-0.2777775288609476,0.7812894587354354,543
All 2010-26,car_same_next,0.025823516469235617,0.04226610645317471,0.11025755966697047,0.38333975992973335,0.7016187284977,543
All 2010-26,car_next_after,0.06187596502520451,0.01898953474877481,0.13079222772963825,0.1451885565251495,0.8846161757400749,543
2010-17,pre,-0.20284614645488852,0.09566309105057476,0.19266715126977857,0.4965199849590567,0.6200038654617249,232
2010-17,same,-0.008880471342917601,-0.031893211144569285,0.18453064563775692,-0.17283422509222282,0.86303135376156,143
2010-17,next,0.057437727254775715,0.11440728113334964,0.1401940302565888,0.8160638575262926,0.4153116525808086,232
2010-17,after,0.022031237019842578,0.040876094167416194,0.16856418756286964,0.24249572081952803,0.8086131154502596,232
2010-17,car_same_next,0.051999299068027735,0.09499924655428528,0.1630373041724947,0.5826841104645312,0.5606792722750299,232
2010-17,car_next_after,0.07946896427461829,0.1552833753007659,0.2112698024129101,0.7350003338256399,0.46309131879869125,232
2018-26,pre,-0.03992104552763568,-0.29500397189713623,0.13842317011584415,-2.1311748000732256,0.03386634946043874,311
2018-26,same,-0.03473531652128012,0.00915597011285486,0.1584421825420511,0.057787452595995596,0.9539756271044828,203
2018-26,next,0.029914471662685092,-0.011109380134539075,0.1278978163843156,-0.08686137456136775,0.9308381443030926,311
2018-26,after,0.01969394253454979,-0.08722245201621533,0.12740939168506457,-0.6845841649712537,0.49412117038881137,311
2018-26,car_same_next,0.007571214008456282,-0.005931210201753497,0.14976128882159467,-0.03960442814310404,0.968434155841142,311
2018-26,car_next_after,0.049608414197234885,-0.09833183215075447,0.16496715604802592,-0.5960691479831761,0.5515668266109791,311
