period,window,outcome,N,mean_ar,t_vs_0,share_negative
All 2010-26,pre,draw,89,0.08721129809699489,1.0048690220981527,0.4943820224719101
All 2010-26,pre,loss,140,-0.2308144062154196,-1.9444169906405906,0.5642857142857143
All 2010-26,pre,win,314,-0.10685524304233514,-1.785062488224493,0.5636942675159236
All 2010-26,same,draw,58,0.15060259347775506,1.1024041117660266,0.4482758620689655
All 2010-26,same,loss,90,-0.0321635587093519,-0.3322526278440902,0.5111111111111111
All 2010-26,same,win,198,-0.024419494455165797,-0.3710592690644036,0.5404040404040404
All 2010-26,next,draw,89,0.06374240786806742,0.6111575230602111,0.4943820224719101
All 2010-26,next,loss,140,0.08876619637842229,1.0844405136790594,0.4714285714285714
All 2010-26,next,win,314,0.041221796412301955,0.8183388109331874,0.47770700636942676
All 2010-26,after,draw,89,-0.09559239598747786,-0.9016322298707163,0.5842696629213483
All 2010-26,after,loss,140,-0.007900696604442967,-0.07766098485056729,0.45714285714285713
All 2010-26,after,win,314,0.02065416861290257,0.3991962456423283,0.4713375796178344
All 2010-26,car_same_next,draw,89,0.16188791822435722,1.4997385165267354,0.4606741573033708
All 2010-26,car_same_next,loss,140,0.0680896229224103,0.6439297234740449,0.4857142857142857
All 2010-26,car_same_next,win,314,0.02582351646923562,0.4478285557496209,0.4872611464968153
All 2010-26,car_next_after,draw,89,-0.031849988119410436,-0.2308713579855059,0.5168539325842697
All 2010-26,car_next_after,loss,140,0.08086549977397926,0.743752243907149,0.45714285714285713
All 2010-26,car_next_after,win,314,0.0618759650252045,0.8544871828505386,0.47770700636942676
2010-17,pre,draw,39,0.07337935790759215,0.553148513543742,0.48717948717948717
2010-17,pre,loss,64,-0.10718305540431372,-0.6202618432094205,0.53125
2010-17,pre,win,129,-0.20284614645488855,-1.768817335969648,0.6356589147286822
2010-17,same,draw,25,0.36102161147331174,2.1696114616800397,0.28
2010-17,same,loss,39,-0.040773682487486806,-0.3927514811398252,0.41025641025641024
2010-17,same,win,79,-0.008880471342917633,-0.07272260125268783,0.5316455696202531
2010-17,next,draw,39,0.11005631032870926,0.8590654187616713,0.48717948717948717
2010-17,next,loss,64,0.1718450083881253,1.4592220789844372,0.421875
2010-17,next,win,129,0.05743772725477571,0.6965015867079636,0.4728682170542636
2010-17,after,draw,39,-0.3434721267444439,-1.9818956458025616,0.6666666666666666
2010-17,after,loss,64,0.0629073311872588,0.36887468376718335,0.46875
2010-17,after,win,129,0.022031237019842585,0.2622116506651879,0.4806201550387597
2010-17,car_same_next,draw,39,0.3414804202474989,2.3527764382130725,0.358974358974359
2010-17,car_same_next,loss,64,0.14699854562231304,1.0745456912089337,0.40625
2010-17,car_same_next,win,129,0.0519992990680277,0.538941958980061,0.5038759689922481
2010-17,car_next_after,draw,39,-0.2334158164157345,-1.192624247993399,0.5384615384615384
2010-17,car_next_after,loss,64,0.23475233957538408,1.2480383774666548,0.4375
2010-17,car_next_after,win,129,0.07946896427461832,0.6621743427106151,0.4496124031007752
2018-26,pre,draw,50,0.09800021144472904,0.8457013255660218,0.5
2018-26,pre,loss,76,-0.33492501742477193,-2.0508993446314125,0.5921052631578947
2018-26,pre,win,185,-0.03992104552763573,-0.6386519334763079,0.5135135135135135
2018-26,same,draw,33,-0.008805753488575794,-0.04356634412414445,0.5757575757575758
2018-26,same,loss,51,-0.02557934640842525,-0.16804310417315568,0.5882352941176471
2018-26,same,win,119,-0.03473531652128012,-0.46902568498213876,0.5462184873949579
2018-26,next,draw,50,0.027617563948766747,0.1754230754449195,0.5
2018-26,next,loss,76,0.01880509152814605,0.1654313209174734,0.5131578947368421
2018-26,next,win,185,0.029914471662685117,0.47148531477878575,0.4810810810810811
2018-26,after,draw,50,0.0977537940029556,0.7722273072575894,0.52
2018-26,after,loss,76,-0.0675285094816655,-0.557769801691666,0.4473684210526316
2018-26,after,win,185,0.019693942534549775,0.3001672905343837,0.4648648648648649
2018-26,car_same_next,draw,50,0.021805766646306752,0.14196813064678482,0.54
2018-26,car_same_next,loss,76,0.0016400038067028,0.01041279042592136,0.5526315789473685
2018-26,car_same_next,win,185,0.007571214008456266,0.10622266894065321,0.4756756756756757
2018-26,car_next_after,draw,50,0.12537135795172236,0.65606453134852,0.5
2018-26,car_next_after,loss,76,-0.04872341795351947,-0.3999380372198261,0.47368421052631576
2018-26,car_next_after,win,185,0.04960841419723491,0.5494708685869323,0.4972972972972973
