observation_date,AUSCPIALLQINMEI
1948-07-01,3.436267
1948-10-01,3.529139
1949-01-01,3.622011
1949-04-01,3.714883
1949-07-01,3.807755
1949-10-01,3.807755
1950-01-01,3.900627
1950-04-01,3.993499
1950-07-01,4.086371
1950-10-01,4.272115
1951-01-01,4.45786
1951-04-01,4.736475
1951-07-01,4.92222
1951-10-01,5.2937080000000005
1952-01-01,5.479451999999999
1952-04-01,5.665196
1952-07-01,5.758068
1952-10-01,5.8509400000000005
1953-01-01,5.8509400000000005
1953-04-01,5.943812
1953-07-01,6.036685
1953-10-01,5.943812
1954-01-01,6.036685
1954-04-01,6.036685
1954-07-01,6.036685
1954-10-01,6.036685
1955-01-01,6.036685
1955-04-01,6.129557
1955-07-01,6.129557
1955-10-01,6.222429
1956-01-01,6.222429
1956-04-01,6.501045
1956-07-01,6.593917
1956-10-01,6.593917
1957-01-01,6.593917
1957-04-01,6.686789
1957-07-01,6.686789
1957-10-01,6.686789
1958-01-01,6.686789
1958-04-01,6.686789
1958-07-01,6.686789
1958-10-01,6.779661
1959-01-01,6.779661
1959-04-01,6.779661
1959-07-01,6.872533
1959-10-01,6.9654050000000005
1960-01-01,6.9654050000000005
1960-04-01,7.058277
1960-07-01,7.151149
1960-10-01,7.244021000000004
1961-01-01,7.244021000000004
1961-04-01,7.336894
1961-07-01,7.244021000000004
1961-10-01,7.244021000000004
1962-01-01,7.244021000000004
1962-04-01,7.244021000000004
1962-07-01,7.244021000000004
1962-10-01,7.244021000000004
1963-01-01,7.244021000000004
1963-04-01,7.244021000000004
1963-07-01,7.336894
1963-10-01,7.336894
1964-01-01,7.429766000000002
1964-04-01,7.429766000000002
1964-07-01,7.522636999999999
1964-10-01,7.615509999999999
1965-01-01,7.615509999999999
1965-04-01,7.708382
1965-07-01,7.801253999999998
1965-10-01,7.894125999999998
1966-01-01,7.986998
1966-04-01,7.986998
1966-07-01,7.986998
1966-10-01,8.079869999999998
1967-01-01,8.172741999999998
1967-04-01,8.265614999999999
1967-07-01,8.358486
1967-10-01,8.358486
1968-01-01,8.451358
1968-04-01,8.451358
1968-07-01,8.54423
1968-10-01,8.54423
1969-01-01,8.729974999999998
1969-04-01,8.729974999999998
1969-07-01,8.822846
1969-10-01,8.822846
1970-01-01,8.915719000000001
1970-04-01,9.008591
1970-07-01,9.101462
1970-10-01,9.287207
1971-01-01,9.380079
1971-04-01,9.472951
1971-07-01,9.751567
1971-10-01,9.937311
1972-01-01,10.03018
1972-04-01,10.12306
1972-07-01,10.3088
1972-10-01,10.40167
1973-01-01,10.58742
1973-04-01,10.9589
1973-07-01,11.33039
1973-10-01,11.70188
1974-01-01,12.07337
1974-04-01,12.53773
1974-07-01,13.187829999999998
1974-10-01,13.65219
1975-01-01,14.20943
1975-04-01,14.67379
1975-07-01,14.76666
1975-10-01,15.60251
1976-01-01,16.06687
1976-04-01,16.43836
1976-07-01,16.809839999999998
1976-10-01,17.83144
1977-01-01,18.20292
1977-04-01,18.66729
1977-07-01,19.03877
1977-10-01,19.50313
1978-01-01,19.78175
1978-04-01,20.15324
1978-07-01,20.52473
1978-10-01,20.98909
1979-01-01,21.36058
1979-04-01,21.91781
1979-07-01,22.47504
1979-10-01,23.12514
1980-01-01,23.58951
1980-04-01,24.33248
1980-07-01,24.70397
1980-10-01,25.2612
1981-01-01,25.81844
1981-04-01,26.37567
1981-07-01,26.9329
1981-10-01,28.04737
1982-01-01,28.6046
1982-04-01,29.2547
1982-07-01,30.276290000000003
1982-10-01,31.20502
1983-01-01,31.85512
1983-04-01,32.50522
1983-07-01,33.062459999999994
1983-10-01,33.8983
1984-01-01,33.71256
1984-04-01,33.80543
1984-07-01,34.26979
1984-10-01,34.73415
1985-01-01,35.19851
1985-04-01,36.03436
1985-07-01,36.87021
1985-10-01,37.61319
1986-01-01,38.44904
1986-04-01,39.099140000000006
1986-07-01,40.120740000000005
1986-10-01,41.2352
1987-01-01,42.07105
1987-04-01,42.72115
1987-07-01,43.46413
1987-10-01,44.2071
1988-01-01,44.95008
1988-04-01,45.78593
1988-07-01,46.62178
1988-10-01,47.5505
1989-01-01,48.01486
1989-04-01,49.22219
1989-07-01,50.33666
1989-10-01,51.26538
1990-01-01,52.1941
1990-04-01,53.02995
1990-07-01,53.40144
1990-10-01,54.79452
1991-01-01,54.70165
1991-04-01,54.79452
1991-07-01,55.07314
1991-10-01,55.63036999999999
1992-01-01,55.63036999999999
1992-04-01,55.44463
1992-07-01,55.5375
1992-10-01,55.81611
1993-01-01,56.28047
1993-04-01,56.46621999999999
1993-07-01,56.74483000000001
1993-10-01,56.83771
1994-01-01,57.11632
1994-04-01,57.48781
1994-07-01,57.8593
1994-10-01,58.32366
1995-01-01,59.25238
1995-04-01,60.08823
1995-07-01,60.8312
1995-10-01,61.29557
1996-01-01,61.48131
1996-04-01,61.94566999999999
1996-07-01,62.13141
1996-10-01,62.22429
1997-01-01,62.31716
1997-04-01,62.13141
1997-07-01,61.8528
1997-10-01,62.03854
1998-01-01,62.22429
1998-04-01,62.59578
1998-07-01,62.68865
1998-10-01,62.96726
1999-01-01,62.96726
1999-04-01,63.24588000000001
1999-07-01,63.80311
1999-10-01,64.1746
2000-01-01,64.73183
2000-04-01,65.19619
2000-07-01,67.70374
2000-10-01,67.88948
2001-01-01,68.63246
2001-04-01,69.18969
2001-07-01,69.37543000000001
2001-10-01,70.02554
2002-01-01,70.67564
2002-04-01,71.14001
2002-07-01,71.60436
2002-10-01,72.06873
2003-01-01,72.99743999999998
2003-04-01,72.99743999999998
2003-07-01,73.46181
2003-10-01,73.83329999999998
2004-01-01,74.4834
2004-04-01,74.85488999999998
2004-07-01,75.13351
2004-10-01,75.69073
2005-01-01,76.24796999999998
2005-04-01,76.71233000000002
2005-07-01,77.45530999999998
2005-10-01,77.82679
2006-01-01,78.4769
2006-04-01,79.77710999999998
2006-07-01,80.52008000000002
2006-10-01,80.42721
2007-01-01,80.42721
2007-04-01,81.44880999999998
2007-07-01,82.00603000000001
2007-10-01,82.74902
2008-01-01,83.86348000000001
2008-04-01,85.07081999999998
2008-07-01,86.09241
2008-10-01,85.81378999999998
2009-01-01,85.90666
2009-04-01,86.27814999999998
2009-07-01,87.11399999999999
2009-10-01,87.57836
2010-01-01,88.41420999999998
2010-04-01,88.97144
2010-07-01,89.62153999999998
2010-10-01,89.99303
2011-01-01,91.29324
2011-04-01,92.12909
2011-07-01,92.68633
2011-10-01,92.68633
2012-01-01,92.7792
2012-04-01,93.24356
2012-07-01,94.54376
2012-10-01,94.72951
2013-01-01,95.10100000000001
2013-04-01,95.47249
2013-07-01,96.58695
2013-10-01,97.32993
2014-01-01,97.88716
2014-04-01,98.35152
2014-07-01,98.81588
2014-10-01,99.00163
2015-01-01,99.18737
2015-04-01,99.83747
2015-07-01,100.3018
2015-10-01,100.6733
2016-01-01,100.4876
2016-04-01,100.8591
2016-07-01,101.602
2016-10-01,102.1593
2017-01-01,102.6236
2017-04-01,102.8094
2017-07-01,103.4595
2017-10-01,104.1096
2018-01-01,104.574
2018-04-01,104.9454
2018-07-01,105.4098
2018-10-01,105.967
2019-01-01,105.967
2019-04-01,106.6171
2019-07-01,107.1744
2019-10-01,107.9173
2020-01-01,108.2888
2020-04-01,106.2456
2020-07-01,107.9173
2020-10-01,108.8461
2021-01-01,109.4962
2021-04-01,110.332
2021-07-01,111.1679
2021-10-01,112.6538
2022-01-01,115.0685
2022-04-01,117.1117
2022-07-01,119.2477
2022-10-01,121.4767
2023-01-01,123.1484
2023-04-01,124.17
2023-07-01,125.6559
2023-10-01,126.3989
2024-01-01,127.6062
2024-04-01,128.9064
2024-07-01,129.185
2024-10-01,129.4637
2025-01-01,130.671
