observation_date,PZINCUSDM
1992-01-01,1157.6591796875
1992-02-01,1135.47509765625
1992-03-01,1217.77270507813
1992-04-01,1304.94995117188
1992-05-01,1377.73681640625
1992-06-01,1385.4091796875
1992-07-01,1320.4091796875
1992-08-01,1363.40014648438
1992-09-01,1367.119140625
1992-10-01,1158.36376953125
1992-11-01,1052.23803710938
1992-12-01,1061.47619628906
1993-01-01,1067.57495117188
1993-02-01,1073.625
1993-03-01,996.760864257813
1993-04-01,1006.0
1993-05-01,979.26318359375
1993-06-01,928.227294921875
1993-07-01,930.068176269531
1993-08-01,886.833312988281
1993-09-01,875.727294921875
1993-10-01,918.571411132813
1993-11-01,929.386352539063
1993-12-01,975.534973144531
1994-01-01,998.59521484375
1994-02-01,969.75
1994-03-01,937.608703613281
1994-04-01,924.342102050781
1994-05-01,956.714294433594
1994-06-01,966.0
1994-07-01,962.642883300781
1994-08-01,946.909118652344
1994-09-01,993.545471191406
1994-10-01,1059.54760742188
1994-11-01,1150.27270507813
1994-12-01,1112.75
1995-01-01,1154.8095703125
1995-02-01,1030.67504882813
1995-03-01,1021.69567871094
1995-04-01,1059.13891601563
1995-05-01,1036.61901855469
1995-06-01,1007.77270507813
1995-07-01,1028.05505371094
1995-08-01,1015.47729492188
1995-09-01,988.025024414063
1995-10-01,980.431823730469
1995-11-01,1033.1904296875
1995-12-01,1017.15789794922
1996-01-01,1019.69049072266
1996-02-01,1035.83337402344
1996-03-01,1063.25
1996-04-01,1043.94995117188
1996-05-01,1036.54760742188
1996-06-01,1009.40002441406
1996-07-01,1000.52172851563
1996-08-01,1007.95239257813
1996-09-01,998.976196289063
1996-10-01,1002.71740722656
1996-11-01,1044.31433105469
1996-12-01,1036.54760742188
1997-01-01,1086.13635253906
1997-02-01,1178.15795898438
1997-03-01,1254.34216308594
1997-04-01,1240.02270507813
1997-05-01,1310.125
1997-06-01,1354.97619628906
1997-07-01,1517.02172851563
1997-08-01,1650.625
1997-09-01,1638.28576660156
1997-10-01,1276.67395019531
1997-11-01,1171.15002441406
1997-12-01,1101.26196289063
1998-01-01,1096.25
1998-02-01,1043.19995117188
1998-03-01,1046.75
1998-04-01,1096.17504882813
1998-05-01,1060.36840820313
1998-06-01,1007.59521484375
1998-07-01,1043.5
1998-08-01,1029.05004882813
1998-09-01,999.636352539063
1998-10-01,941.363647460938
1998-11-01,965.950012207031
1998-12-01,961.578918457031
1999-01-01,931.75
1999-02-01,1017.6
1999-03-01,1028.79545454545
1999-04-01,1018.175
1999-05-01,1039.92105263158
1999-06-01,999.909090909091
1999-07-01,1071.22727272727
1999-08-01,1129.69047619048
1999-09-01,1192.93181818182
1999-10-01,1147.97619047619
1999-11-01,1146.38636363636
1999-12-01,1185.23529411765
2000-01-01,1178.575
2000-02-01,1098.25
2000-03-01,1113.0
2000-04-01,1132.52
2000-05-01,1154.07391304348
2000-06-01,1116.19090909091
2000-07-01,1135.91428571429
2000-08-01,1172.55217391304
2000-09-01,1221.67142857143
2000-10-01,1091.61363636364
2000-11-01,1058.68181818182
2000-12-01,1059.33
2001-01-01,1032.7
2001-02-01,1021.58
2001-03-01,1005.62272727273
2001-04-01,970.138888888889
2001-05-01,937.961904761905
2001-06-01,896.928571428571
2001-07-01,853.304545454545
2001-08-01,830.031818181818
2001-09-01,799.51
2001-10-01,761.739130434782
2001-11-01,774.345454545454
2001-12-01,757.970588235294
2002-01-01,794.195454545454
2002-02-01,773.47
2002-03-01,819.995
2002-04-01,807.57619047619
2002-05-01,768.25
2002-06-01,769.422222222222
2002-07-01,795.013043478261
2002-08-01,748.809523809524
2002-09-01,756.17619047619
2002-10-01,755.086956521739
2002-11-01,764.566666666666
2002-12-01,794.261904761905
2003-01-01,782.3181818181818
2003-02-01,785.635
2003-03-01,790.3047619047619
2003-04-01,756.725
2003-05-01,776.1
2003-06-01,790.6428571428571
2003-07-01,828.4847826086957
2003-08-01,815.195
2003-09-01,818.9204545454545
2003-10-01,900.0804347826087
2003-11-01,914.2125
2003-12-01,976.7571428571428
2004-01-01,1015.888095238095
2004-02-01,1085.7875
2004-03-01,1101.795652173913
2004-04-01,1028.9125
2004-05-01,1030.957894736842
2004-06-01,1018.840909090909
2004-07-01,988.0840909090908
2004-08-01,976.7738095238096
2004-09-01,980.0022727272728
2004-10-01,1066.928571428571
2004-11-01,1100.204545454545
2004-12-01,1182.1214285714293
2005-01-01,1245.525
2005-02-01,1323.08
2005-03-01,1373.928571428571
2005-04-01,1297.785714285714
2005-05-01,1245.5075
2005-06-01,1273.0977272727273
2005-07-01,1196.833333333333
2005-08-01,1300.7227272727273
2005-09-01,1396.647727272727
2005-10-01,1483.202380952381
2005-11-01,1610.636363636364
2005-12-01,1819.325
2006-01-01,2091.75
2006-02-01,2219.725
2006-03-01,2427.645652173913
2006-04-01,3068.338888888889
2006-05-01,3544.642857142857
2006-06-01,3197.590909090909
2006-07-01,3320.7380952380954
2006-08-01,3339.965909090909
2006-09-01,3394.059523809524
2006-10-01,3829.602272727273
2006-11-01,4378.613636363636
2006-12-01,4381.4473684210525
2007-01-01,3784.863636363636
2007-02-01,3321.375
2007-03-01,3256.181818181818
2007-04-01,3566.855263157895
2007-05-01,3847.5238095238096
2007-06-01,3628.6547619047615
2007-07-01,3546.2954545454554
2007-08-01,3244.1704545454554
2007-09-01,2887.6
2007-10-01,2979.9891304347834
2007-11-01,2554.602272727273
2007-12-01,2378.5972222222226
2008-01-01,2364.409090909091
2008-02-01,2458.4761904761895
2008-03-01,2511.184210526316
2008-04-01,2278.511363636364
2008-05-01,2178.325
2008-06-01,1906.17380952381
2008-07-01,1856.4456521739128
2008-08-01,1734.65
2008-09-01,1744.522727272727
2008-10-01,1303.004347826087
2008-11-01,1169.3625
2008-12-01,1112.904761904762
2009-01-01,1202.52380952381
2009-02-01,1118.0025
2009-03-01,1223.218181818182
2009-04-01,1388.1375
2009-05-01,1492.518421052632
2009-06-01,1556.772727272727
2009-07-01,1580.858695652174
2009-08-01,1818.0125
2009-09-01,1879.1477272727277
2009-10-01,2070.844545454545
2009-11-01,2196.5476190476197
2009-12-01,2374.038095238095
2010-01-01,2414.6625
2010-02-01,2158.8
2010-03-01,2277.263043478261
2010-04-01,2367.5
2010-05-01,1969.789473684211
2010-06-01,1746.511363636364
2010-07-01,1847.0272727272727
2010-08-01,2047.4761904761897
2010-09-01,2150.943181818182
2010-10-01,2373.5619047619048
2010-11-01,2283.2954545454554
2010-12-01,2287.321428571429
2011-01-01,2375.8125
2011-02-01,2473.45
2011-03-01,2341.478260869565
2011-04-01,2371.477777777778
2011-05-01,2159.6
2011-06-01,2234.465909090909
2011-07-01,2397.7547619047614
2011-08-01,2199.238636363636
2011-09-01,2075.220454545455
2011-10-01,1871.4166666666672
2011-11-01,1935.318181818182
2011-12-01,1911.15
2012-01-01,1989.2261904761897
2012-02-01,2057.785714285714
2012-03-01,2035.925
2012-04-01,2002.684210526316
2012-05-01,1928.011363636364
2012-06-01,1855.934210526316
2012-07-01,1847.75
2012-08-01,1816.318181818182
2012-09-01,2009.85
2012-10-01,1903.9586956521737
2012-11-01,1912.3977272727277
2012-12-01,2040.4289473684207
2013-01-01,2031.4090909090912
2013-02-01,2128.6875
2013-03-01,1929.15
2013-04-01,1855.6
2013-05-01,1831.0119047619048
2013-06-01,1839.0125
2013-07-01,1837.6195652173917
2013-08-01,1896.3928571428569
2013-09-01,1846.880952380952
2013-10-01,1884.8369565217392
2013-11-01,1866.4166666666672
2013-12-01,1974.975
2014-01-01,2036.931818181818
2014-02-01,2034.525
2014-03-01,2007.9047619047617
2014-04-01,2027.2125
2014-05-01,2058.975
2014-06-01,2128.095238095238
2014-07-01,2310.619565217391
2014-08-01,2326.9875
2014-09-01,2294.590909090909
2014-10-01,2276.826086956522
2014-11-01,2253.225
2014-12-01,2175.7619047619046
2015-01-01,2113.0476190476197
2015-02-01,2097.7625
2015-03-01,2028.7272727272727
2015-04-01,2212.725
2015-05-01,2281.802631578947
2015-06-01,2082.090909090909
2015-07-01,2000.684782608696
2015-08-01,1807.6375
2015-09-01,1720.227272727273
2015-10-01,1724.340909090909
2015-11-01,1583.309523809524
2015-12-01,1527.785714285714
2016-01-01,1520.3625
2016-02-01,1709.845238095238
2016-03-01,1801.690476190476
2016-04-01,1855.37380952381
2016-05-01,1869.025
2016-06-01,2026.193181818182
2016-07-01,2183.25
2016-08-01,2279.136363636364
2016-09-01,2292.306818181818
2016-10-01,2311.5
2016-11-01,2566.2045454545446
2016-12-01,2664.8125
2017-01-01,2714.7976190476197
2017-02-01,2845.55
2017-03-01,2776.880434782609
2017-04-01,2614.9166666666674
2017-05-01,2590.214285714286
2017-06-01,2573.397727272727
2017-07-01,2787.190476190476
2017-08-01,2980.727272727273
2017-09-01,3116.857142857143
2017-10-01,3264.602272727273
2017-11-01,3229.306818181818
2017-12-01,3195.947368421053
2018-01-01,3441.522727272727
2018-02-01,3532.9
2018-03-01,3269.178571428571
2018-04-01,3188.05
2018-05-01,3059.869047619048
2018-06-01,3088.571428571429
2018-07-01,2656.125
2018-08-01,2512.0
2018-09-01,2434.675
2018-10-01,2673.673913043478
2018-11-01,2595.693181818182
2018-12-01,2616.2894736842118
2019-01-01,2569.7045454545446
2019-02-01,2707.1875
2019-03-01,2850.595238095238
2019-04-01,2932.65
2019-05-01,2742.809523809524
2019-06-01,2601.225
2019-07-01,2446.5108695652166
2019-08-01,2273.0119047619046
2019-09-01,2331.559523809524
2019-10-01,2451.652173913043
2019-11-01,2425.4761904761895
2019-12-01,2272.5375
2020-01-01,2354.306818181818
2020-02-01,2113.2375
2020-03-01,1903.625
2020-04-01,1903.367
2020-05-01,1975.3226315789475
2020-06-01,2025.7145454545448
2020-07-01,2177.195652173913
2020-08-01,2413.91380952381
2020-09-01,2442.459090909091
2020-10-01,2440.6522727272727
2020-11-01,2671.604761904762
2020-12-01,2779.8514285714286
2021-01-01,2705.345
2021-02-01,2744.5025
2021-03-01,2791.9369565217394
2021-04-01,2829.0125
2021-05-01,2969.62
2021-06-01,2951.852272727273
2021-07-01,2947.517272727273
2021-08-01,2987.9471428571437
2021-09-01,3036.018636363636
2021-10-01,3359.9123809523808
2021-11-01,3311.2718181818186
2021-12-01,3399.214285714286
2022-01-01,3599.1375
2022-02-01,3620.0375
2022-03-01,3962.207391304348
2022-04-01,4371.342857142857
2022-05-01,3769.651818181818
2022-06-01,3652.891363636364
2022-07-01,3105.361904761905
2022-08-01,3590.131304347826
2022-09-01,3124.968181818182
2022-10-01,2967.210476190476
2022-11-01,2938.9204545454554
2022-12-01,3116.522727272727
2023-01-01,3295.8781818181815
2023-02-01,3133.838
2023-03-01,2967.464782608696
2023-04-01,2770.357
2023-05-01,2485.780869565217
2023-06-01,2375.45
2023-07-01,2404.645238095238
2023-08-01,2405.1634782608694
2023-09-01,2495.4961904761894
2023-10-01,2447.181818181818
2023-11-01,2543.610454545455
2023-12-01,2510.568571428571
2024-01-01,2520.9391304347832
2024-02-01,2360.091904761905
2024-03-01,2457.85619047619
2024-04-01,2725.5595454545446
2024-05-01,2955.1882608695646
2024-06-01,2809.185
2024-07-01,2777.2686956521734
2024-08-01,2721.078181818182
2024-09-01,2847.48380952381
2024-10-01,3105.770869565217
2024-11-01,3004.1961904761906
2024-12-01,3033.758181818182
2025-01-01,2824.828695652174
2025-02-01,2798.2765
2025-03-01,2886.7619047619046
2025-04-01,2611.345
2025-05-01,2642.621363636364
2025-06-01,2654.65
2025-07-01,2762.5634782608695
2025-08-01,2790.381428571429
2025-09-01,2936.735454545455
2025-10-01,3151.999130434783
2025-11-01,3176.8435
2025-12-01,3162.175
2026-01-01,3206.7331818181815
2026-02-01,3323.7125
2026-03-01,3182.2609090909086
2026-04-01,3354.615454545455
2026-05-01,3477.644285714286
2026-06-01,3538.7427272727277
2026-07-01,3593.775
