commodity,fy,expl,expl_real,p_usd,p_aud,p_usd_real,p_aud_real
Coal,1989,29.0,83.4706522180521,,,,
Coal,1990,33.4,89.32340531218992,,,,
Coal,1991,23.1,58.620380380841134,,,,
Coal,1992,27.5,68.34275922180204,,,,
Coal,1993,24.2,59.60237614163548,34.645833333333336,49.21701412066087,81.14803506641056,121.16499363354515
Coal,1994,27.6,66.68211042010394,31.0,44.86093100379114,70.6905044099559,108.42449882135458
Coal,1995,38.0,89.0991234406572,35.94083333333334,48.44122386904537,79.64851279985707,113.31287314338952
Coal,1996,52.7,118.26210052659138,39.68,52.33634406372701,85.66326389499005,117.56464898222572
Coal,1997,70.5,156.26004356452256,36.12166666666667,46.148454040238605,75.82736864191833,102.27889506448875
Coal,1998,64.8,143.79749534911772,33.28416666666667,48.85694496047434,68.63871562502945,108.32499386720484
Coal,1999,39.9,87.33818920359867,26.59916666666667,42.46134925878422,53.913352894635906,92.97587636724475
Coal,2000,35.3,75.50717940688631,25.475000000000005,40.57659217413727,50.18983881888205,86.74061005417039
Coal,2001,41.2,82.9662368230666,30.116666666666667,56.34173121061558,57.32001302686645,113.50635370518386
Coal,2002,50.4,98.82358980176787,30.1975,57.831676044335495,56.53227640330313,113.49938870586391
Coal,2003,77.8,148.0230101819542,25.648214285714282,44.00923264594832,46.96635012955927,83.80602032363286
Coal,2004,81.5,151.52475836873015,41.559151785714285,57.876208974138635,74.2930758594999,107.37372776555046
Coal,2005,126.8,229.99688739544098,57.60089285714287,76.69826667072962,100.2508779876019,139.31857364723626
Coal,2006,166.4,292.3817381660269,49.857049532593024,66.68988433776752,83.54642693402353,117.20912559786635
Coal,2007,193.2,330.10127526125746,55.27031005883216,70.24637449848791,90.26194283525012,119.97950909660432
Coal,2008,234.8,387.49470566886686,109.38813404691501,120.98925594382882,171.7572615433199,199.3413841806832
Coal,2009,297.3,476.4467607566811,106.4400955527051,139.65516976975425,164.6468284283281,223.83482437760756
Coal,2010,321.2,503.0565944901758,90.73033691256292,102.67657015510073,139.52818271606532,160.66212779260226
Coal,2011,519.7,787.0321856660942,119.90350585771183,120.74844411670932,180.69016252852387,183.3142562140052
Coal,2012,834.3,1238.7075745779348,118.7482574536991,114.94221076592112,174.08483213041782,170.6858928082542
Coal,2013,544.0,790.1778274669405,93.23344298908957,90.80391873216428,134.36094959035415,131.80625936173297
Coal,2014,398.7,563.8779046116128,83.03743130058335,90.43305428744311,117.85984465312802,127.83316666435636
Coal,2015,251.8,350.1254181671536,68.0819899117853,81.55501074799378,95.92514457395427,113.3175737524382
Coal,2016,173.4,237.7054962744013,57.22304821731051,78.60806019646739,80.10130561445771,107.74968993366136
Coal,2017,120.4,162.37359000770687,86.04596736273542,114.11545756127576,118.20814461332547,153.73909629220176
Coal,2018,154.1,203.6631470377667,105.77398022247161,136.5114165019949,142.11496764301341,180.42916439038117
Coal,2019,182.1,236.77693123057458,105.15796823191492,146.7546101362007,138.56090306211354,190.96194189282693
Coal,2020,303.1,389.1594448474812,67.5886692771058,100.64943774507921,87.59452760485169,129.1234318820405
Coal,2021,235.0,297.10308672125484,80.798817285,107.254775920536,102.03098596550345,135.1910359284303
Coal,2022,225.5,273.0417945150995,262.7684850083333,363.4370986368398,308.42617523842944,436.7362936188539
Coal,2023,281.0,317.2650571451123,327.91851239166664,487.2411226374596,366.1241789290923,553.2374857200783
Coal,2024,343.8,372.847258172267,144.2294458,219.95713197743274,155.42390970848552,238.58391829754748
Coal,2025,270.2,286.3204563535156,128.7474107,198.31480350074875,135.2841919310044,210.129294169694
Coal,2026,229.2,234.10993176467153,125.22267856666667,184.0334157691934,127.4037454142863,187.7034247508538
Coal,2027,,,,,,
Copper,1992,,,,,,
Copper,1993,,,2194.682008832805,3118.665281071069,5140.443284218151,7677.394589083266
Copper,1994,,,1892.8445134507492,2732.9909956469755,4315.169076506018,6603.398604423591
Copper,1995,,,2761.635521202469,3720.277522720323,6120.506303012883,8703.799693694547
Copper,1996,,,2740.0385531195307,3618.5188050366974,5918.281431078875,8131.147172118061
Copper,1997,,,2262.0896154113757,2893.760778888144,4744.639827601915,6413.071544867028
Copper,1998,,,1901.7825466087334,2785.1545985328303,3922.5766673774997,6176.062400136233
Copper,1999,,,1514.7592710877916,2419.9860231373777,3070.642060905076,5299.26326501271
Copper,2000,28.3,60.51619582198975,1738.3579649550875,2770.0527789090393,3424.0259127006348,5920.387505089462
Copper,2001,32.7,65.8402468046535,1785.0972338551148,3322.3394240245884,3402.0026851125995,6701.6738935719
Copper,2002,41.5,81.33069823522129,1518.2142822680803,2900.1318818267905,2841.14581557754,5686.297200499951
Copper,2003,39.8,75.8140573198191,1593.5441987812912,2730.0182975959524,2917.7284898166117,5197.909286116032
Copper,2004,37.9,70.34295014596526,2329.8393453763692,3247.232463033708,4169.139954059419,6029.801453478309
Copper,2005,71.4,129.50150478464155,3149.934117965368,4177.291978103878,5476.999115012224,7580.819229858965
Copper,2006,139.5,244.97660262374595,5057.609069473199,6772.8936925110165,8460.604923697476,11877.797411400043
Copper,2007,234.5,400.17139691020554,7088.802343928002,9022.15510782315,11580.92285064986,15409.535469506896
Copper,2008,293.5,484.2515470846755,7798.159650429873,8698.39478505799,12280.264779073694,14375.493947554047
Copper,2009,178.70000000000002,286.45359155747457,4929.047617107657,6453.673581567555,7630.021411853235,10340.459002335514
Copper,2010,201.7,315.5259831964803,6695.243626987842,7576.3759453448565,10297.336218208939,11861.552390359633
Copper,2011,323.1,490.2138525006322,8673.55322734331,8740.055109485718,13073.541493164692,13271.992820621697
Copper,2012,442.6,657.0614075031903,8172.2992685311765,7909.887301330553,11978.380118178964,11744.126076890472
Copper,2013,319.3,463.8766552637242,7679.944561015516,7474.914602598102,11068.661379338037,10851.67824155547
Copper,2014,176.8,250.086667313472,7018.106777793462,7642.907992302316,9960.673433911135,10803.426253646288
Copper,2015,144.4,200.77257237892914,6379.464236162706,7628.936125774418,8987.100352103891,10600.148073468345
Copper,2016,130.4,178.7216962638598,4890.79788961039,6718.589136224793,6846.131593172028,9209.087260542543
Copper,2017,135.8,182.98103974724938,5392.054134055357,7148.2713941323,7406.553508340916,9629.586585506911
Copper,2018,192.9,254.88825676897468,6752.512706244779,8714.371528333158,9073.288984124927,11518.505276423874
Copper,2019,328.8,427.3740662398401,6155.077289619388,8607.436360047835,8104.8163613329425,11194.466861038678
Copper,2020,420.1,538.9215723034437,5671.515292902464,8448.217644174416,7351.17735830615,10841.89160334079
Copper,2021,376.9,475.35259742188674,7974.554012877219,10631.531742947158,10087.019967571794,13415.2107858204
Copper,2022,584.7,708.6160041770033,9654.025440625195,13308.807580469436,11419.511225492075,16093.824103404182
Copper,2023,626.1,707.5940874910905,8300.228682767112,12332.16541310098,9233.856258362666,13926.437144137504
Copper,2024,628.6,682.2010906755489,8683.341536184831,13238.524943342432,9350.09223442026,14347.187390006244
Copper,2025,532.8,564.4091035648929,9310.635766516094,14384.91757650828,9771.204451676287,15223.688478236669
Copper,2026,454.2,463.54472359667295,11766.807156095114,17278.58428479677,11969.360655422122,17617.531129330335
Copper,2027,,,,,,
Gold,1989,448.6,1294.570429423972,,,,
Gold,1990,341.20000000000005,910.6998764981947,,,,
Gold,1991,305.8,774.0000044200104,,,,
Gold,1992,304.7,757.6868830546885,,,,
Gold,1993,320.1,787.4941783349318,,,,
Gold,1994,453.9,1096.325235236184,,,,
Gold,1995,554.5,1297.984172928875,,,,
Gold,1996,547.0999999999999,1228.3763448143816,,,,
Gold,1997,728.3,1614.2833213702997,,,,
Gold,1998,648.4,1438.1813356983694,,,,
Gold,1999,486.20000000000005,1064.6424141158222,,,,
Gold,2000,374.8,801.3451242707823,,,,
Gold,2001,370.1,746.4932340143929,269.5958315531413,502.30984959197036,513.6379729015672,1012.9214830021299
Gold,2002,331.3,649.7759652817605,292.71666717529297,559.0073826732316,547.7643185222487,1096.0221891031792
Gold,2003,378.4,720.5050161482975,332.11666615804035,568.2065592676184,608.0111813998099,1081.6591200774421
Gold,2004,397.1,737.8837548071035,394.1625010172526,552.6117250639921,706.2146739021377,1027.4033048969225
Gold,2005,391.7,711.2801077260882,427.09999974568683,567.0280997022692,742.861508536623,1029.3597905773622
Gold,2006,399.6,702.5435675726804,536.0333251953125,717.7740512529894,897.551886193406,1260.56108505673
Gold,2007,455.9,778.5623138275773,644.1583379109701,819.5710208137579,1052.3553125119017,1400.1105770643512
Gold,2008,592.6,978.1141659563502,830.7458318074545,924.9493571242542,1307.4692382869111,1527.7680547888585
Gold,2009,438.0,701.9129669278401,884.3749949137369,1200.6413833068914,1374.3753255802185,1924.1917925184327
Gold,2010,575.4,900.7945460408472,1089.012491861979,1233.1806988883163,1674.9707898945928,1930.521318180863
Gold,2011,652.2,990.5418696978661,1388.9083455403647,1400.973757757657,2093.8235328756227,2127.867208939195
Gold,2012,768.0,1140.0832795202637,1660.8875122070312,1608.7160538350595,2434.243370992889,2388.5650108621658
Gold,2013,661.8,961.042286693123,1600.7041625976562,1556.4656374714375,2307.4766336052867,2260.0911435190856
Gold,2014,434.3,614.3695252966613,1298.3958231608074,1413.9359060118204,1842.8346287330085,1998.750259326289
Gold,2015,395.7,549.6687283716351,1223.8833414713542,1470.0870533180741,1724.5874315620376,2042.392729431327
Gold,2016,548.0999999999999,751.0992876372662,1178.383336385091,1617.1300231467167,1649.1011378786116,2216.234037593428
Gold,2017,689.2,928.5831689413881,1257.5125071207683,1666.7687487347155,1728.2249103911813,2246.2491371419214
Gold,2018,810.1,1070.8328185601122,1294.8291676839192,1670.2471313961926,1740.2652213940814,2208.0556984766467
Gold,2019,966.6,1257.0356821451307,1268.5250142415364,1775.0616312183863,1670.0062155734067,2308.211088708951
Gold,2020,1161.9,1491.6127867551368,1570.0166524251301,2342.8505083547234,2035.2006983921647,3008.200257841007
Gold,2021,1529.6,1931.0621753904634,1852.5916748046875,2484.542315482814,2348.9071991145975,3139.7218266392883
Gold,2022,1594.0,1928.402610767932,1830.324986775716,2523.552790596955,2164.5061051578587,3050.9642922926814
Gold,2023,1325.8,1500.707893670824,1831.2458190917969,2721.1205166253994,2037.0081460013087,3072.496283549198
Gold,2024,1236.9,1341.915039545696,2104.437474568685,3208.5680034793695,2265.860403996745,3477.1148007758484
Gold,2025,1308.2,1383.7505313308698,2853.0333557128906,4414.954650785319,2991.959874973418,4669.247892182869
Gold,2026,1933.5,1971.487480020536,4230.950032552084,6220.578284633026,4305.679011707801,6344.65514918046
Gold,2027,,,,,,
Iron ore,1989,7.1,20.522415078961977,,,,
Iron ore,1990,11.3,30.070938125979605,,,,
Iron ore,1991,11.2,28.479599738682456,,,,
Iron ore,1992,36.9,91.72359809984151,,,,
Iron ore,1993,24.0,59.20687706919797,13.445,19.117009480998373,31.48109405625444,47.05319919176567
Iron ore,1994,18.8,45.55861580278191,12.014999999999999,17.41726459635905,27.406608109103576,42.105658774347845
Iron ore,1995,12.0,28.00186596222772,11.86,15.981229778998607,26.290116289007543,37.40170931783756
Iron ore,1996,14.100000000000001,31.664017655648273,12.620000000000001,16.628191279844675,27.233549414164603,37.34162927920257
Iron ore,1997,25.8,57.18677325555917,13.004999999999999,16.620334625879373,27.293416593192262,36.83465614021597
Iron ore,1998,30.0,66.39163009129136,13.225000000000001,19.497335200811936,27.264524954343383,43.214781355551736
Iron ore,1999,41.599999999999994,91.11806970724149,12.670000000000002,20.24136596964801,25.684774919814885,44.324289589686686
Iron ore,2000,,,12.189999999999998,19.431721629484123,24.00965949548368,41.52946374311045
Iron ore,2001,23.4,47.27394478757452,12.719999999999999,23.725822474083564,24.227123089117633,47.83047720758178
Iron ore,2002,25.200000000000003,49.355430973904234,12.835,24.553870829995624,24.02451830570832,48.165553607948254
Iron ore,2003,44.5,84.70997622261541,13.25,22.690325313527946,24.259859678151194,43.20072507497571
Iron ore,2004,63.7,118.34221170622841,15.105,21.15463027701752,27.05063614167092,39.31340002949517
Iron ore,2005,137.9,250.08207434349123,22.25,29.359217502981096,38.63751106206914,53.20667722458803
Iron ore,2006,161.3,283.38671033029584,30.78,41.20310439410302,51.56602151860581,72.40969413010276
Iron ore,2007,285.4,487.1280909193419,35.040000000000006,44.5520060768739,57.233563226593255,76.10359888151098
Iron ore,2008,449.8,742.3281237920419,48.714999999999996,53.987331667011546,76.53353383013626,88.99724933111736
Iron ore,2009,588.7,943.4706429238418,65.02381767990464,88.7552188517852,101.08554721584923,142.25828519796045
Iron ore,2010,524.1,820.9862183998189,118.69752329192545,134.18904039543983,182.48978179362538,209.79019893451613
Iron ore,2011,665.0,1008.8501944978179,162.77406359140053,163.99022356755148,245.3281627214448,249.0046707570669
Iron ore,2012,1150.6,1707.8990477873656,149.50252895496317,144.70311257881207,219.18348914617678,214.86001361865135
Iron ore,2013,1011.3,1468.7425358124517,126.63200115874886,123.34025415718907,182.43652599266426,179.00289568029962
Iron ore,2014,710.5999999999999,1005.1627573973667,122.70289549218897,133.65840913198477,174.2330096765482,189.0251411257037
Iron ore,2015,447.7,622.6473216228544,72.06356931112366,85.54647543763028,101.50489255275511,118.9113513241689
Iron ore,2016,291.2,399.110271932478,51.88668674320848,71.20451452365582,72.61488535085738,97.59234405988848
Iron ore,2017,291.3,392.6207119129415,69.60138732040906,92.24945449708763,95.60099090590715,124.270945176684
Iron ore,2018,291.8,385.8385885298959,69.27729076479076,89.31498586938969,93.10927511637938,118.07535092944897
Iron ore,2019,324.0,421.3324764614049,81.06345394943222,113.63294314422815,106.65354355833672,147.69591968555994
Iron ore,2020,361.3,464.0847673029994,93.14529808959156,138.78400331209684,120.75795699181596,178.16807205578314
Iron ore,2021,473.20000000000005,597.1789423597203,153.30477938505683,204.0620273560032,193.77887101647255,257.3843037965375
Iron ore,2022,645.9,780.2863538838997,136.1759308566624,187.6616065837191,161.26533591739764,227.08462677929398
Iron ore,2023,707.7,800.4441113204407,110.98106609574,164.7705211283859,123.46424886633909,186.07187114441302
Iron ore,2024,708.4,768.1611698916856,120.31945699228307,183.51260577664763,129.6299778171998,199.02506209629843
Iron ore,2025,814.7,862.5279980786318,102.78731335090032,158.7991899724051,107.88714027181132,168.0906361246419
Iron ore,2026,820.1,836.6717664533962,106.0326413984566,156.27703271902868,107.97339692841115,159.51601706447985
Iron ore,2027,,,,,,
Nickel,1992,,,,,,
Nickel,1993,,,6222.106038411458,8837.960817906882,14571.773094011387,21754.915609605916
Nickel,1994,,,5265.78173828125,7593.221188487025,12000.330243551949,18343.582629276927
Nickel,1995,,,7441.9106038411455,10020.509642160792,16491.429135881204,23439.000138074334
Nickel,1996,,,8208.905598958334,10828.88911680389,17723.131316853793,24326.79010188023
Nickel,1997,,,7223.213134765625,9233.910416541841,15157.989673029819,20464.248053383402
Nickel,1998,,,5805.552205403646,8498.381866451673,11974.434623910369,18846.55988952743
Nickel,1999,,,4491.709403346791,7145.235817431959,9097.983794027617,15640.556533080626
Nickel,2000,73.1,156.14484794322016,8241.89057214454,13187.602498188753,16213.897627613202,28155.63578972299
Nickel,2001,72.8,146.95054179840605,7247.491053913879,13465.189462203038,13817.19817524548,27169.05899773691
Nickel,2002,53.7,105.43189919758534,5945.322685631125,11333.738401017463,11122.52124029382,22209.619527863808
Nickel,2003,65.9,125.4247769436408,7664.763395994101,13090.69438435742,14029.300849092158,24913.652423219868
Nickel,2004,84.2,156.28839333336913,12249.525880907802,17068.14775824677,21934.29425009342,31711.533984149777
Nickel,2005,158.6,287.6214455709915,14983.002952741703,19879.162011906745,26052.755200822226,36076.39694680236
Nickel,2006,146.0,256.95643879631484,15513.972857717965,20756.578448106695,25978.564066347182,36443.91487336521
Nickel,2007,181.1,309.0820440869144,37709.758140616694,47693.60736708371,61527.2963773931,81419.3982714266
Nickel,2008,303.2,500.76189208878975,28520.176908812435,31923.18585920088,44969.25670380558,52829.374853810616
Nickel,2009,259.9,416.55016667609226,13370.782544346705,17661.83604294424,20717.1621313564,28300.50899880245
Nickel,2010,203.9,319.2571967961003,19385.287640771065,21966.879203960907,29816.149992241062,34382.302857088114
Nickel,2011,270.9,411.38979642043915,24006.526532404794,24234.032039950685,36195.90667228875,36810.02663693004
Nickel,2012,265.4,393.93686023656466,19306.35174512987,18678.56602801696,28303.309869464607,27735.95990808029
Nickel,2013,164.5,238.8765942311564,16403.886824181252,15962.149093802498,23641.45694331388,23173.3119642956
Nickel,2014,99.4,140.68395662645344,15247.713651656313,16589.231542632206,21625.179368491546,23431.71513775907
Nickel,2015,82.7,114.97235104950877,15473.3447639087,18427.509191099503,21797.469273650295,25611.23495285817
Nickel,2016,50.599999999999994,69.36163448049507,9333.015732440868,12822.55712024956,13064.791349475965,17576.461598423954
Nickel,2017,80.6,108.47001550567913,10138.928131208566,13439.95691984726,13935.368309606423,18113.832759886256
Nickel,2018,200.1,264.32295941851334,12471.96055764411,16111.684195404168,16745.878753465695,21286.089781865005
Nickel,2019,202.7,263.56153216611125,12339.408170954395,17249.209834902602,16249.557799866852,22435.909425863596
Nickel,2020,202.7,260.17364931861914,13981.557334786652,20794.241539353607,18124.82508467391,26685.21480585746
Nickel,2021,209.9,264.9796428494997,16305.237149295754,21782.766899825645,20647.736104554082,27502.99125802097
Nickel,2022,275.7,332.92211119118554,23681.864886257536,32702.551311316827,27898.121691304033,39412.53852252626
Nickel,2023,331.6,374.7149741430536,24024.930918713533,35710.630791686715,26735.36213366829,40343.138619574835
Nickel,2024,265.2,288.11880695233697,18164.29964619016,27699.28371064637,19575.572437424882,30046.10141336456
Nickel,2025,196.0,207.56635111420508,15745.504572714724,24310.07565843666,16529.567888681755,25735.24835062163
Nickel,2026,121.0,123.7327917419938,16327.781841646276,23999.37092352289,16614.66157091546,24478.79953863094
Nickel,2027,,,,,,
Uranium,1989,28.299999999999997,81.98982452806493,,,,
Uranium,1990,18.8,50.2538159861111,,,,
Uranium,1991,12.8,32.53727390890453,,,,
Uranium,1992,12.8,31.83026085468238,,,,
Uranium,1993,8.8,21.691760235212186,9.679166666666667,13.803534773276603,22.63841846188292,33.946927868458765
Uranium,1994,7.6,18.388145454256758,9.66875,14.011040895558496,22.053638847803512,33.86996032057967
Uranium,1995,7.800000000000001,18.256326556967768,10.522916666666667,14.185371274945814,23.313707745794108,33.166167940352544
Uranium,1996,,,13.614236111111108,17.889133191416242,29.350412244247472,40.146100659332
Uranium,1997,13.0,28.822533470943096,14.349768518518516,18.31486481143798,30.137431632685455,40.59005076723562
Uranium,1998,22.2,49.209524969234394,11.165370370370367,16.454057163375964,23.018187646130954,36.472447187870635
Uranium,1999,15.5,33.975773847254516,9.924966931944441,15.828500483779253,20.111840805774925,34.655802388556324
Uranium,2000,,,9.461035052500002,15.039613010270449,18.64787865913743,32.16283481438538
Uranium,2001,,,7.7896329375,14.532754629243584,14.834314659153415,29.290750207194186
Uranium,2002,8.7,17.08259767490188,9.5046875,18.164877987699526,17.788174979149623,35.61697735612625
Uranium,2003,6.9,13.170851270823285,10.115062798011161,17.3300902090863,18.52215051489881,32.99989715389584
Uranium,2004,10.6,19.731504014728763,14.495824347250974,20.235655205455235,25.940223214531404,37.57788345882949
Uranium,2005,20.7,37.57489331725462,21.596216931216926,28.600578698045148,37.528419412036584,51.87323516030165
Uranium,2006,56.1,98.52871538986858,36.07898148148149,48.31192673871633,60.41398876017233,84.85173063997209
Uranium,2007,114.1,194.71243222366797,77.82696759259254,97.8543026573619,126.82484774227578,166.9025528042739
Uranium,2008,231.5,382.47245818819135,84.56507936507936,95.16165248136865,133.5783305255222,157.76801982371165
Uranium,2009,185.2,296.74178257575534,52.19756944444443,70.12092463085523,80.98963753352402,112.38544291782883
Uranium,2010,169.1,265.2255914427409,43.89189814814815,49.83313410687559,67.5373719097366,78.09708379120501
Uranium,2011,213.89999999999998,325.42450205903856,55.24611441798942,55.66098426496064,83.27248617878459,84.52134063860697
Uranium,2012,153.6,228.1859498380532,51.903769841269835,50.29297520333182,76.06645896739917,74.66950221843322
Uranium,2013,69.5,100.98953255094617,43.95840277777778,42.78050462073672,63.370385251020764,62.11412936618758
Uranium,2014,43.900000000000006,62.14813358958231,33.95649403595014,36.99955638543687,48.20575884674676,52.313812724540476
Uranium,2015,40.6,56.41754616362854,35.906580233198845,43.326266520198445,50.60181149762533,60.18124593952393
Uranium,2016,38.3,52.5315612827316,33.310688013677144,45.81276364585891,46.640148965101545,62.800780606345484
Uranium,2017,21.5,28.97254992945033,22.708138449714536,30.087649864593647,31.211808760030465,40.552691283518314
Uranium,2018,13.0,17.24026239779176,21.768638833992096,28.093795981911438,29.251540715136024,37.13473543789879
Uranium,2019,14.2,18.483922184377562,26.76654209015622,37.42675697647307,35.248271362133416,48.67772565778932
Uranium,2020,7.5,9.629884547559891,26.834090713030932,40.04494789022479,34.79247528808773,51.43952207116645
Uranium,2021,9.7,12.224498368243829,30.13506795851619,40.38543372975387,38.19581006154074,51.02616892270936
Uranium,2022,16.700000000000003,20.097954777913547,38.61808145684784,53.27557828854152,45.60983067042857,64.34023939367628
Uranium,2023,,,41.18101881403757,61.20972396815605,45.81928416590527,69.13976587257731
Uranium,2024,57.9,62.83375214002805,65.25764457033704,99.4811362276088,70.21165559688357,107.73268528918454
Uranium,2025,72.3,76.68629771583508,60.22815798651564,92.87227811331682,63.25108929386357,98.34728431655586
Uranium,2026,54.8,56.01274121618746,65.65536413047523,96.59868204615407,66.82819090830644,98.55197747285833
Uranium,2027,,,,,,
Zinc-lead,1992,,,,,,
Zinc-lead,1993,,,1114.5381469726574,1581.9989123702865,2611.093607156936,3895.197712762404
Zinc-lead,1994,,,939.0943196614584,1358.2269342828342,2141.1605854134364,3282.4966710366543
Zinc-lead,1995,,,1044.6982269287134,1406.7807118923604,2316.0979875904404,3293.328340887459
Zinc-lead,1996,,,1022.5840810139994,1347.842504781016,2207.0020690427527,3027.1035004979108
Zinc-lead,1997,,,1126.2325032552103,1441.1259868751615,2362.1639141682585,3193.892582934921
Zinc-lead,1998,,,1225.44642130534,1789.0898945702331,2528.1701413410024,3968.140434463977
Zinc-lead,1999,,,998.1024647981928,1592.1891847780646,2022.7440393072302,3486.1324167617886
Zinc-lead,2000,55.4,118.52874402744655,1138.8381031220133,1814.044814236775,2243.549607275877,3877.6963307930946
Zinc-lead,2001,59.8,120.62986352042971,1050.3912862580262,1951.7581608805035,2002.450200847894,3938.037614390749
Zinc-lead,2002,37.7,73.98754751001002,792.4842003413132,1515.9886556683705,1483.3473754786012,2973.93800706866
Zinc-lead,2003,36.7,69.88021564941613,774.6366738816738,1329.2913895364406,1418.610400927765,2531.584037585404
Zinc-lead,2004,29.8,55.29951495085174,961.319405502805,1343.954239719355,1721.4978224851395,2497.3694255528153
Zinc-lead,2005,31.3,56.80894379784062,1171.0866026334775,1550.3548547615887,2035.587714898797,2812.6080274683954
Zinc-lead,2006,71.2,124.90434741192992,2113.088403313675,2831.6078147512017,3531.951173446286,4960.63210678926
Zinc-lead,2007,139.4,237.90149340729099,3670.8234245652006,4672.5020459165535,5998.97333561588,7982.693955899844
Zinc-lead,2008,186.5,308.90956001650073,2607.36118329558,2929.603958305308,4116.381094997262,4854.330526278294
Zinc-lead,2009,80.5,129.0363550108917,1408.5052607370699,1876.1301072701776,2184.63252887068,3006.257343705155
Zinc-lead,2010,51.6,80.73860468142465,2071.1646302886666,2341.2825962184925,3185.3406870959907,3666.1685061821977
Zinc-lead,2011,75.5,114.6764338681693,2245.4924900532237,2268.2989410772484,3386.371836126545,3446.28713749873
Zinc-lead,2012,87.5,129.91688343545312,2021.6387825624668,1957.008766722795,2963.294920033528,2905.7007696192723
Zinc-lead,2013,79.80000000000001,115.84842840056102,1928.797878981875,1877.8285184567087,2779.6422809123114,2725.916190174558
Zinc-lead,2014,45.8,64.77813418286934,1966.7305263426188,2141.6689086732213,2790.3761836896238,3026.141090050979
Zinc-lead,2015,51.9,72.12454685092473,2204.5139082059563,2643.1648173691433,3105.849164885345,3672.107816313758
Zinc-lead,2016,49.9,68.4044168509658,1762.2063256791519,2418.354673670821,2466.1942949912386,3314.532318018224
Zinc-lead,2017,54.6,73.53321161494517,2534.4139133963863,3359.778710456439,3481.412254658657,4526.173959615376
Zinc-lead,2018,103.30000000000001,136.60738214740695,3179.560260499734,4101.944214163834,4272.471516969748,5421.987591979432
Zinc-lead,2019,89.2,116.04122489241767,2657.7190313254314,3718.4169290766495,3499.0489936704257,4835.425624325847
Zinc-lead,2020,58.5,75.10796156714147,2206.360138145099,3283.8438976792268,2859.8514502894463,4213.83302855345
Zinc-lead,2021,64.60000000000001,81.60130745076302,2659.8288537549406,3554.374381823428,3367.908580911063,4487.671559125951
Zinc-lead,2022,90.6,109.47904286963481,3501.4291639218272,4831.590507809637,4132.215897609691,5831.842338101687
Zinc-lead,2023,99.9,113.10949469711154,2989.323656910722,4439.024370132148,3329.4630839071046,5021.780111766054
Zinc-lead,2024,104.3,113.17131051515328,2552.957148582094,3892.5291572838887,2749.168565959292,4218.863219339164
Zinc-lead,2025,63.599999999999994,67.24745537975926,2825.6699494086834,4364.14640235623,2966.286218038858,4620.298945631646
Zinc-lead,2026,101.1,103.1742907191996,3172.033920854508,4666.644574698352,3228.1765708362855,4760.7137668110445
Zinc-lead,2027,,,,,,
