fy,commodity,gx,gp,fwd
1994,Coal,13.146313956046377,-11.119026379989059,14.788686339426008
1995,Coal,31.977038700328137,14.788686339426008,9.897321453726574
1996,Coal,32.70292958209309,9.897321453726574,-9.39544124444162
1997,Coal,29.099725427090622,-9.39544124444162,-8.181106153564109
1998,Coal,-8.430710645999397,-8.181106153564109,-22.420192146050542
1999,Coal,-48.49292794624113,-22.420192146050542,-4.318230786732068
2000,Coal,-12.249335995656669,-4.318230786732068,16.738114926133907
2001,Coal,15.455529241622978,16.738114926133907,0.2680411127168536
2002,Coal,20.155291872184215,0.2680411127168536,-16.3285188794669
2003,Coal,43.4150256107023,-16.3285188794669,48.26438059292268
2004,Coal,4.646158906247107,48.26438059292268,32.64203119419157
2005,Coal,44.20080217563084,32.64203119419157,-14.437816726751645
2006,Coal,27.17834863839827,-14.437816726751645,10.30759744170157
2007,Coal,14.933139339130937,10.30759744170157,68.26665444598086
2008,Coal,19.50081661755238,68.26665444598086,-2.7320076359739263
2009,Coal,23.600764205011064,-2.7320076359739263,-15.969056729519703
2010,Coal,7.732225206855451,-15.969056729519703,27.879552492532245
2011,Coal,48.118773994178966,27.879552492532245,-0.9681532720491646
2012,Coal,47.334132789363245,-0.9681532720491646,-24.189928105060392
2013,Coal,-42.76438030520861,-24.189928105060392,-11.581500202137256
2014,Coal,-31.073999246863327,-11.581500202137256,-19.85787728015135
2015,Coal,-45.95741327770625,-19.85787728015135,-17.37559547705266
2016,Coal,-37.30340572638054,-17.37559547705266,40.792489958590764
2017,Coal,-36.47815314717207,40.792489958590764,20.642289787767023
2018,Coal,24.678220945134928,20.642289787767023,-0.5840876608625608
2019,Coal,16.695424440749214,-0.5840876608625608,-44.20233241878239
2020,Coal,50.950679733019534,-44.20233241878239,17.852197310195432
2021,Coal,-25.447726991959858,17.852197310195432,117.93110315018174
2022,Coal,-4.126535520142593,117.93110315018174,22.149178032821347
2023,Coal,22.00345103910127,22.149178032821347,-82.1359734573859
2024,Coal,20.17054236150032,-82.1359734573859,-11.355297684055603
2025,Coal,-24.08976674226505,-11.355297684055603,-2.7758847299896128
2001,Copper,14.451327325401575,2.653191713479853,-16.1938056570392
2002,Copper,23.83183493334448,-16.1938056570392,4.842576148454778
2003,Copper,-4.1826514946260644,4.842576148454778,37.983872330803486
2004,Copper,-4.891580020201128,37.983872330803486,30.158222296902203
2005,Copper,63.33467572571582,30.158222296902203,47.35123180269709
2006,Copper,66.97667319158815,47.35123180269709,33.762254868903476
2007,Copper,51.93909866249137,33.762254868903476,9.537135920101552
2008,Copper,22.442205138181702,9.537135920101552,-45.8741975325555
2009,Copper,-49.61692171027687,-45.8741975325555,30.625157959565453
2010,Copper,12.107302279478352,30.625157959565453,25.88811691041061
2011,Copper,47.11804278702866,25.88811691041061,-5.9528239483209555
2012,Copper,31.47045547864966,-5.9528239483209555,-6.21379689794542
2013,Copper,-32.653532789621295,-6.21379689794542,-9.011883662387302
2014,Copper,-59.11119495171933,-9.011883662387302,-9.540937358441209
2015,Copper,-20.243192374481723,-9.540937358441209,-26.57286605215893
2016,Copper,-10.198057696617324,-26.57286605215893,9.757095547242155
2017,Copper,4.057656563204326,9.757095547242155,22.498827513426527
2018,Copper,35.098870478708754,22.498827513426527,-9.263737162631793
2019,Copper,53.32777432703415,-9.263737162631793,-8.182098730534234
2020,Copper,24.50431149933116,-8.182098730534234,34.07993944960513
2021,Copper,-10.85128779022468,34.07993944960513,19.11192485197591
2022,Copper,43.91189949085352,19.11192485197591,-15.10919059131028
2023,Copper,6.841120756963997,-15.10919059131028,4.512335763340437
2024,Copper,0.39850216122024235,4.512335763340437,6.97509533228146
2025,Copper,-16.53490051372879,6.97509533228146,23.412523729151342
2002,Gold,-11.074893008626011,8.228121761676151,12.628117634177347
2003,Gold,13.292752787187295,12.628117634177347,17.127695211936278
2004,Gold,4.823630095948265,17.127695211936278,8.025491385360132
2005,Gold,-1.3691897465420202,8.025491385360132,22.71781557579596
2006,Gold,1.9967806102612844,22.71781557579596,18.374822919562643
2007,Gold,13.180944044499718,18.374822919562643,25.437932763160347
2008,Gold,26.22461479200693,25.437932763160347,6.255728524318224
2009,Gold,-30.230072476301878,6.255728524318224,20.814541873445794
2010,Gold,27.28465407410013,20.814541873445794,24.324676083030475
2011,Gold,12.528581223777127,24.324676083030475,17.883402974112393
2012,Gold,16.343846979245335,17.883402974112393,-3.6908471351144225
2013,Gold,-14.88263376601604,-3.6908471351144225,-20.931411375238802
2014,Gold,-42.122785594673545,-20.931411375238802,-5.910065000807905
2015,Gold,-9.307919114939764,-5.910065000807905,-3.788542510781559
2016,Gold,32.5801403660692,-3.788542510781559,6.4992123778114
2017,Gold,22.907375260170408,6.4992123778114,2.924320064052655
2018,Gold,16.162619218267103,2.924320064052655,-2.052395019656407
2019,Gold,17.66270625745381,-2.052395019656407,21.32314065374268
2020,Gold,18.402711577783258,21.32314065374268,16.549933809353853
2021,Gold,27.494966710832053,16.549933809353853,-1.2092024549308733
2022,Gold,4.124031705302351,-1.2092024549308733,0.05029712024238024
2023,Gold,-18.423052954286923,0.05029712024238024,13.905168774642021
2024,Gold,-6.9407801426327,13.905168774642021,30.433456517788503
2025,Gold,5.6043897146148405,30.433456517788503,39.40437982095419
1994,Iron ore,-24.41969605120421,-11.245142053239572,-1.298447561885291
1995,Iron ore,-44.895022004790334,-1.298447561885291,6.211146354348769
1996,Iron ore,16.12681475961223,6.211146354348769,3.0051041787547788
1997,Iron ore,60.41996945434492,3.0051041787547788,1.677507884374813
1998,Iron ore,15.082288973458368,1.677507884374813,-4.287198341131519
1999,Iron ore,32.69027856050622,-4.287198341131519,-3.862105083986785
2002,Iron ore,7.410797215372204,0.9000256411127767,3.182173810912736
2003,Iron ore,56.86451946548168,3.182173810912736,13.10282624064042
2004,Iron ore,35.86953734059232,13.10282624064042,38.73161937736139
2005,Iron ore,77.23442222211384,38.73161937736139,32.4523119798484
2006,Iron ore,15.673720033190708,32.4523119798484,12.962513765745767
2007,Iron ore,57.06257199115727,12.962513765745767,32.94967248091138
2008,Iron ore,45.491133448247936,32.94967248091138,28.87666377454646
2009,Iron ore,26.911367650900036,28.87666377454646,60.182480750074255
2010,Iron ore,-11.623421022609518,60.182480750074255,31.57846902038805
2011,Iron ore,23.810453484773358,31.57846902038805,-8.504981755301639
2012,Iron ore,54.825178377333884,-8.504981755301639,-16.602805724041694
2013,Iron ore,-12.904691352106834,-16.602805724041694,-3.151930195217566
2014,Iron ore,-35.28822273211982,-3.151930195217566,-53.221731299999675
2015,Iron ore,-46.19863183400067,-53.221731299999675,-32.84863967880761
2016,Iron ore,-43.0113048924389,-32.84863967880761,29.372226011250657
2017,Iron ore,0.03433476428581242,29.372226011250657,-0.46673420057286635
2018,Iron ore,0.17149721232962511,-0.46673420057286635,15.711507218011187
2019,Iron ore,10.467487970364406,15.711507218011187,13.892838893070051
2020,Iron ore,10.896512236126528,13.892838893070051,49.82673430605688
2021,Iron ore,26.980949395063735,49.82673430605688,-11.848030308719931
2022,Iron ore,31.112656093419517,-11.848030308719931,-20.458804793608177
2023,Iron ore,9.13755820433121,-20.458804793608177,8.079073611319542
2024,Iron ore,0.0988630826939435,8.079073611319542,-15.748841273994103
2025,Iron ore,13.981104140791775,-15.748841273994103,3.108505000842419
2001,Nickel,-0.4112411553092548,-12.857440852712534,-19.805054028327476
2002,Nickel,-30.430295368782122,-19.805054028327476,25.40288365837375
2003,Nickel,20.47254399936426,25.40288365837375,46.88535888975524
2004,Nickel,24.505647973981944,46.88535888975524,20.142918949141457
2005,Nickel,63.319038795246655,20.142918949141457,3.482467039862041
2006,Nickel,-8.27786874924112,3.482467039862041,88.81778050502741
2007,Nickel,21.544274318103117,88.81778050502741,-27.930709908203355
2008,Nickel,51.53432888788488,-27.930709908203355,-75.75398792307357
2009,Nickel,-15.409571212077209,-75.75398792307357,37.14424900596911
2010,Nickel,-24.2667264067035,37.14424900596911,21.381132289987796
2011,Nickel,28.41200715106397,21.381132289987796,-21.789158449684958
2012,Nickel,-2.051162719294234,-21.789158449684958,-16.291583950842224
2013,Nickel,-47.83275516926804,-16.291583950842224,-7.308874089213781
2014,Nickel,-50.37584565428983,-7.308874089213781,1.4689283573243876
2015,Nickel,-18.393251163288276,1.4689283573243876,-50.55606586442565
2016,Nickel,-49.126802573622584,-50.55606586442565,8.282409333320036
2017,Nickel,46.55470732191627,8.282409333320036,20.710068368380874
2018,Nickel,90.9318592077105,20.710068368380874,-1.0684912165344076
2019,Nickel,1.2909811868266705,-1.0684912165344076,12.494107082682124
2020,Nickel,0.0,12.494107082682124,15.374722577099192
2021,Nickel,3.490417336863303,15.374722577099192,37.322320684699775
2022,Nickel,27.26820912031637,37.322320684699775,1.4382518902953771
2023,Nickel,18.46161052313889,1.4382518902953771,-27.96339696536184
2024,Nickel,-22.344516494943253,-27.96339696536184,-14.290320923101547
2025,Nickel,-30.236959908119015,-14.290320923101547,3.6313163845757
1994,Uranium,-14.66034741918755,-0.1076774089178707,8.465638322687688
1995,Uranium,2.5975486403260737,8.465638322687688,25.756059956700838
1998,Uranium,53.5142931416697,-25.091675377293697,-11.776356241520066
1999,Uranium,-35.925226495303285,-11.776356241520066,-4.78717041116255
2003,Uranium,-23.180161405732417,6.224058103791364,35.983495289690495
2004,Uranium,42.933258951480774,35.983495289690495,39.86575253758589
2005,Uranium,66.92796991533018,39.86575253758589,51.31923080693386
2006,Uranium,99.70021122573273,51.31923080693386,76.87775329301748
2007,Uranium,70.99394443393793,76.87775329301748,8.303340965816417
2008,Uranium,70.75046166582588,8.303340965816417,-48.24854764977752
2009,Uranium,-22.314355131420985,-48.24854764977752,-17.33061808223208
2010,Uranium,-9.094606630754438,-17.33061808223208,23.006826003332698
2011,Uranium,23.501836018382534,23.006826003332698,-6.240658648131299
2012,Uranium,-33.11567953747882,-6.240658648131299,-16.61476288274564
2013,Uranium,-79.30250681428252,-16.61476288274564,-25.81636772722983
2014,Uranium,-45.941243248962074,-25.81636772722983,5.584045403441117
2015,Uranium,-7.814625347343875,5.584045403441117,-7.504226524091539
2016,Uranium,-5.831817042108676,-7.504226524091539,-38.31549246134488
2017,Uranium,-57.73969610529831,-38.31549246134488,-4.225303380693209
2018,Uranium,-50.310357767208046,-4.225303380693209,20.66823296671354
2019,Uranium,8.829260714567821,20.66823296671354,0.2520442580669584
2020,Uranium,-63.83389440649502,0.2520442580669584,11.601642137980054
2021,Uranium,25.72228649670723,11.601642137980054,24.803105624731774
2022,Uranium,54.32828339133725,24.803105624731774,6.425684348406975
2025,Uranium,22.210674458576943,-8.020321390838967,8.627932181706447
2001,Zinc-lead,7.642606720334795,-8.084578654285187,-28.174545823767875
2002,Zinc-lead,-46.13455665026209,-28.174545823767875,-2.27784575409088
2003,Zinc-lead,-2.688333939344053,-2.27784575409088,21.591261006329272
2004,Zinc-lead,-20.82683615491658,21.591261006329272,19.73805954003313
2005,Zinc-lead,4.910970403474885,19.73805954003313,59.0218537563308
2006,Zinc-lead,82.18747208718227,59.0218537563308,55.22654276879001
2007,Zinc-lead,67.18546799084935,55.22654276879001,-34.20773342615587
2008,Zinc-lead,29.108374075744674,-34.20773342615587,-61.580962568518075
2009,Zinc-lead,-84.01740546593525,-61.580962568518075,38.55820290720614
2010,Zinc-lead,-44.47355119370006,38.55820290720614,8.081379670508282
2011,Zinc-lead,38.061098376746195,8.081379670508282,-10.50164080961907
2012,Zinc-lead,14.750613710858964,-10.50164080961907,-4.701151277349031
2013,Zinc-lead,-9.21152889078055,-4.701151277349031,1.9475584510689061
2014,Zinc-lead,-55.5239413335624,1.9475584510689061,11.413450206490237
2015,Zinc-lead,12.50346990517037,11.413450206490237,-22.39404167100945
2016,Zinc-lead,-3.929778741436999,-22.39404167100945,36.33957943486802
2017,Zinc-lead,9.001287999338636,36.33957943486802,22.678049192685947
2018,Zinc-lead,63.76034933747334,22.678049192685947,-17.927465646477753
2019,Zinc-lead,-14.67563365396291,-17.927465646477753,-18.61240864778902
2020,Zinc-lead,-42.185428534815294,-18.61240864778902,18.69176186042827
2021,Zinc-lead,9.918765655074543,18.69176186042827,27.49094376693886
2022,Zinc-lead,33.82398022603773,27.49094376693886,-15.812405758638196
2023,Zinc-lead,9.771547260557437,-15.812405758638196,-15.779480672541823
2024,Zinc-lead,4.310167635221883,-15.779480672541823,10.14931333282815
2025,Zinc-lead,-49.465789166065036,10.14931333282815,11.562751083764491
